feature	coefficient
single_mom	0.46409504290415854
married	-0.03710481291270938
